"WAMP","MMAV","V3","WL","rms","media"
1.44692728264723e-11,4.06133980012841e-12,5.9837885419916e-12,4.79677693094759e-11,4.06133980012841e-12,0.88851832623912
