"WAMP","MMAV","V3","WL","rms","media"
9.43532191961979e-17,8.73964658514465e-16,2.30391013443983e-17,3.17215762146497e-13,9.33490528282685e-17,0.586052522981197
